company,website,leadType,industry,location,contactName,contactRole,email,emailSourceUrl,phone,phoneSourceUrl,contactSourceUrl,reportedEmployeeRange,sizeEvidence,sizeSourceUrl,ownershipEvidence,ownershipSourceUrl,suggestedTrainingFit,qualificationScope,contactRouteNote,readinessStatus,levySignal,levyEvidence,handoffReadyAt
Ace Solutions Training & Consultancy PLT,https://acesolutions.com.my,SME training provider / potential partner,"Corporate training and consultancy (soft skills, technical, safety, teambuilding)","Jelutong, Pulau Pinang, 11600, Malaysia",,general business enquiries,ace@acesolutions.com.my,https://acesolutions.com.my/contact-us/,+60174981282,https://acesolutions.com.my/contact-us/,https://acesolutions.com.my/contact-us/,2-10 employees,Company-owned LinkedIn profile reports 2-10 employees. Self-reported public evidence; current headcount and formal SME status are not independently certified.,https://www.linkedin.com/company/ace-solutions-tc,"Company profile type: Privately Held. No large listed, government or foreign multinational parent identified in reviewed sources; not a registry ownership audit.",https://www.linkedin.com/company/ace-solutions-tc,"Potential freelance trainer partnership; ask whether they engage external trainers for communication, writing, problem solving or workplace AI.",Self-reported SME-size range and published business contact. Not an official SME certification or a confirmed buyer.,"Published company contact; ask to be routed to the owner, HR or training manager. Email deliverability and telephone response untested.",Ready for introductory outreach — public-source screening,unclear,,2026-10-01
ArcNet Training & Development Sdn Bhd,http://arcnettraining.com,SME training provider / potential partner,IT and soft skills training provider; computer lab rental,"E-9-3, Block E, Megan Avenue 1, 189, Jalan Tun Razak, 50400 Kuala Lumpur, Malaysia",,general business enquiries,info@arcnettraining.com,https://www.arcnettraining.com/,+60321711668,https://www.arcnettraining.com/,https://www.arcnettraining.com/,11-50 employees,Company-owned LinkedIn profile reports 11-50 employees. Self-reported public evidence; current headcount and formal SME status are not independently certified.,https://www.linkedin.com/company/arcnethq,"Company profile type: Privately Held. No large listed, government or foreign multinational parent identified in reviewed sources; not a registry ownership audit.",https://www.linkedin.com/company/arcnethq,"Potential freelance trainer partnership; ask whether they engage external trainers for communication, writing, problem solving or workplace AI.",Self-reported SME-size range and published business contact. Not an official SME certification or a confirmed buyer.,"Published company contact; ask to be routed to the owner, HR or training manager. Email deliverability and telephone response untested.",Ready for introductory outreach — public-source screening,unclear,,2026-10-01
ATTUNE® Consultants,http://www.attuneconsultants.com,SME training provider / potential partner,"Learning and development, AI and digital transformation training","Unit 518, Lobby 4 Block A, Jalan SS20/27 Damansara Intan, 47400 Petaling Jaya, Selangor, Malaysia",,general business enquiries,ask-us@attuneconsultants.com,https://www.attuneconsultants.com/,+60175981003,https://www.attuneconsultants.com/,https://www.attuneconsultants.com/,2-10 employees,Company-owned LinkedIn profile reports 2-10 employees. Self-reported public evidence; current headcount and formal SME status are not independently certified.,https://www.linkedin.com/company/attune-consultants,"Company profile type: Privately Held. No large listed, government or foreign multinational parent identified in reviewed sources; not a registry ownership audit.",https://www.linkedin.com/company/attune-consultants,"Potential freelance trainer partnership; ask whether they engage external trainers for communication, writing, problem solving or workplace AI.",Self-reported SME-size range and published business contact. Not an official SME certification or a confirmed buyer.,"Published company contact; ask to be routed to the owner, HR or training manager. Email deliverability and telephone response untested.",Ready for introductory outreach — public-source screening,unclear,,2026-10-01
BETC SKILLS ACADEMY SDN BHD,http://www.betc.edu.my/,SME training provider / potential partner,HRDF Class A training provider specializing in logistics and warehouse skills,"Taman Pelangi, 80400 Johor Bahru, Johor, Malaysia",,general business enquiries,info@betc.edu.my,https://www.betc.edu.my/contact-register/,+6073391365,https://www.betc.edu.my/contact-register/,https://www.betc.edu.my/contact-register/,2-10 employees,Company-owned LinkedIn profile reports 2-10 employees. Self-reported public evidence; current headcount and formal SME status are not independently certified.,https://www.linkedin.com/company/betc-skills-academy-sdn-bhd,"Company profile type: Privately Held. No large listed, government or foreign multinational parent identified in reviewed sources; not a registry ownership audit.",https://www.linkedin.com/company/betc-skills-academy-sdn-bhd,"Potential freelance trainer partnership; ask whether they engage external trainers for communication, writing, problem solving or workplace AI.",Self-reported SME-size range and published business contact. Not an official SME certification or a confirmed buyer.,"Published company contact; ask to be routed to the owner, HR or training manager. Email deliverability and telephone response untested.",Ready for introductory outreach — public-source screening,unclear,,2026-10-01
CT Event Asia,http://www.cteventasia.com,SME training provider / potential partner,"Business conferences, workshops and corporate training","Kuala Lumpur, Malaysia",,general business enquiries,,,+60327107756,https://cteventasia.com/,https://cteventasia.com/,11-50 employees,Company-owned LinkedIn profile reports 11-50 employees. Self-reported public evidence; current headcount and formal SME status are not independently certified.,https://www.linkedin.com/company/ct-event-asia/,"Company profile type: Privately Held. No large listed, government or foreign multinational parent identified in reviewed sources; not a registry ownership audit.",https://www.linkedin.com/company/ct-event-asia/,"Potential freelance trainer partnership; ask whether they engage external trainers for communication, writing, problem solving or workplace AI.",Self-reported SME-size range and published business contact. Not an official SME certification or a confirmed buyer.,"Published company contact; ask to be routed to the owner, HR or training manager. Email deliverability and telephone response untested.",Ready for introductory outreach — public-source screening,unclear,,2026-10-01
Eco Essential Technologies (M),https://www.ecoessentialtechnologies.com/,SME training provider / potential partner,Corporate training provider,"Penang, Malaysia",,Published business enquiries,jeydenzhng@ecoessentialtechnologies.com,https://www.ecoessentialtechnologies.com/,+60125673269,https://www.ecoessentialtechnologies.com/,https://www.ecoessentialtechnologies.com/,2-10 employees,Company-owned LinkedIn profile reports 2-10 employees. Self-reported public evidence; current headcount and formal SME status are not independently certified.,https://www.linkedin.com/company/eco-essential-technologies-m,"Company profile type: Self-Employed. No large listed, government or foreign multinational parent identified in reviewed sources; not a registry ownership audit.",https://www.linkedin.com/company/eco-essential-technologies-m,"Potential freelance trainer partnership; ask whether they engage external trainers for communication, writing, problem solving or workplace AI.",Self-reported SME-size range and published business contact. Not an official SME certification or a confirmed buyer.,"Published company contact; ask to be routed to the owner, HR or training manager. Email deliverability and telephone response untested.",Ready for introductory outreach — public-source screening,unclear,,2026-10-01
Exalt Training & Consultancy Sdn Bhd,http://www.exalt.com.my/,SME training provider / potential partner,"HRDF-certified training, ISO consultancy and audit services","Taman Austin Perdana, 81100 Johor Bahru, Johor, Malaysia",,general business enquiries,enquiry@exalt.com.my,https://www.exalt.com.my/contactUs,+6073640199,https://www.exalt.com.my/contactUs,https://www.exalt.com.my/contactUs,2-10 employees,Company-owned LinkedIn profile reports 2-10 employees. Self-reported public evidence; current headcount and formal SME status are not independently certified.,https://www.linkedin.com/company/exalt-training-consultancy-sdn-bhd,"Company profile type: Privately Held. No large listed, government or foreign multinational parent identified in reviewed sources; not a registry ownership audit.",https://www.linkedin.com/company/exalt-training-consultancy-sdn-bhd,"Potential freelance trainer partnership; ask whether they engage external trainers for communication, writing, problem solving or workplace AI.",Self-reported SME-size range and published business contact. Not an official SME certification or a confirmed buyer.,"Published company contact; ask to be routed to the owner, HR or training manager. Email deliverability and telephone response untested.",Ready for introductory outreach — public-source screening,unclear,,2026-10-01
Experiential Business Learning Malaysia,https://eblm.com.my,SME training provider / potential partner,Experiential corporate training,Malaysia,,Suresh Kumar — published business enquiries contact,suresh@eblm.com.my,https://eblm.com.my/,+60123130631,https://eblm.com.my/,https://eblm.com.my/,2-10 employees,Company-owned LinkedIn profile reports 2-10 employees. Self-reported public evidence; current headcount and formal SME status are not independently certified.,https://www.linkedin.com/company/experiential-business-learning-malaysia/,"Company profile type: Privately Held. No large listed, government or foreign multinational parent identified in reviewed sources; not a registry ownership audit.",https://www.linkedin.com/company/experiential-business-learning-malaysia/,"Potential freelance trainer partnership; ask whether they engage external trainers for communication, writing, problem solving or workplace AI.",Self-reported SME-size range and published business contact. Not an official SME certification or a confirmed buyer.,"Published company contact; ask to be routed to the owner, HR or training manager. Email deliverability and telephone response untested.",Ready for introductory outreach — public-source screening,unclear,,2026-10-01
iDEA LCO CONSULTING SDN BHD,https://www.idealcoconsulting.com,SME training provider / potential partner,Corporate training and consultancy,"Georgetown, Penang, Malaysia",,Published business enquiries,charzleneong@idealcoconsulting.com,https://idealcoconsulting.com/,+601112782316,https://idealcoconsulting.com/,https://idealcoconsulting.com/,2-10 employees,Company-owned LinkedIn profile reports 2-10 employees. Self-reported public evidence; current headcount and formal SME status are not independently certified.,https://www.linkedin.com/company/idea-lco-consulting-sdn-bhd,"Company profile type: Partnership. No large listed, government or foreign multinational parent identified in reviewed sources; not a registry ownership audit.",https://www.linkedin.com/company/idea-lco-consulting-sdn-bhd,"Potential freelance trainer partnership; ask whether they engage external trainers for communication, writing, problem solving or workplace AI.",Self-reported SME-size range and published business contact. Not an official SME certification or a confirmed buyer.,"Published company contact; ask to be routed to the owner, HR or training manager. Email deliverability and telephone response untested.",Ready for introductory outreach — public-source screening,unclear,,2026-10-01
Mango Training and Consultancy Sdn Bhd,http://www.mangotraining.com,SME training provider / potential partner,Language and soft skills corporate training,"E-13-13-A Plaza Mont Kiara 2, Jalan Kiara, 50480 Kuala Lumpur, Malaysia",,general business enquiries,info@mangotraining.com,https://www.mangotraining.com/contact-us,+60364191828,https://www.mangotraining.com/contact-us,https://www.mangotraining.com/contact-us,2-10 employees,Company-owned LinkedIn profile reports 2-10 employees. Self-reported public evidence; current headcount and formal SME status are not independently certified.,https://www.linkedin.com/company/mango-training-and-consultancy-sdn-bhd,"Company profile type: Privately Held. No large listed, government or foreign multinational parent identified in reviewed sources; not a registry ownership audit.",https://www.linkedin.com/company/mango-training-and-consultancy-sdn-bhd,"Potential freelance trainer partnership; ask whether they engage external trainers for communication, writing, problem solving or workplace AI.",Self-reported SME-size range and published business contact. Not an official SME certification or a confirmed buyer.,"Published company contact; ask to be routed to the owner, HR or training manager. Email deliverability and telephone response untested.",Ready for introductory outreach — public-source screening,unclear,,2026-10-01
MMT UNIVERSAL ACADEMY SDN BHD,http://www.mmt.my,SME training provider / potential partner,In-house corporate training and development,"Suite 33-01, 33rd Floor, Menara Kek Seng, 203 Jalan Bukit Bintang, 55100 Kuala Lumpur, Malaysia",,general business enquiries,,,+60321499257,https://mmt.my/contact-us/,https://mmt.my/contact-us/,11-50 employees,Company-owned LinkedIn profile reports 11-50 employees. Self-reported public evidence; current headcount and formal SME status are not independently certified.,https://www.linkedin.com/company/mmt-universal-academy,"Company profile type: Privately Held. No large listed, government or foreign multinational parent identified in reviewed sources; not a registry ownership audit.",https://www.linkedin.com/company/mmt-universal-academy,"Potential freelance trainer partnership; ask whether they engage external trainers for communication, writing, problem solving or workplace AI.",Self-reported SME-size range and published business contact. Not an official SME certification or a confirmed buyer.,"Published company contact; ask to be routed to the owner, HR or training manager. Email deliverability and telephone response untested.",Ready for introductory outreach — public-source screening,unclear,,2026-10-01
MRS Management Sdn Bhd (MRS Training Provider),http://www.trainingprovider.org/,SME training provider / potential partner,Corporate training and consultancy,"Kuala Lumpur, Malaysia",,Published business enquiries,,,+60321165961,https://www.trainingprovider.org/about-us/contact-us/,https://www.trainingprovider.org/about-us/contact-us/,11-50 employees,Company-owned LinkedIn profile reports 11-50 employees. Self-reported public evidence; current headcount and formal SME status are not independently certified.,https://www.linkedin.com/company/mrstraining,"Company profile type: Privately Held. No large listed, government or foreign multinational parent identified in reviewed sources; not a registry ownership audit.",https://www.linkedin.com/company/mrstraining,"Potential freelance trainer partnership; ask whether they engage external trainers for communication, writing, problem solving or workplace AI.",Self-reported SME-size range and published business contact. Not an official SME certification or a confirmed buyer.,"Published company contact; ask to be routed to the owner, HR or training manager. Email deliverability and telephone response untested.",Ready for introductory outreach — public-source screening,unclear,,2026-10-01
RUN Solution Biz Sdn Bhd l Team Building l HRDF Training Provider,https://www.teambuildingjohor.com/,SME training provider / potential partner,Large-scale corporate team building and HRD Corp claimable training,"Tmn Impian Emas, 81300 Skudai, Johor, Malaysia",,general business enquiries,info@runsolution.my,https://www.teambuildingjohor.com/#contact,+60107607087,https://www.teambuildingjohor.com/#contact,https://www.teambuildingjohor.com/#contact,11-50 employees,Company-owned LinkedIn profile reports 11-50 employees. Self-reported public evidence; current headcount and formal SME status are not independently certified.,https://www.linkedin.com/company/run-solution,"Company profile type: Partnership. No large listed, government or foreign multinational parent identified in reviewed sources; not a registry ownership audit.",https://www.linkedin.com/company/run-solution,"Potential freelance trainer partnership; ask whether they engage external trainers for communication, writing, problem solving or workplace AI.",Self-reported SME-size range and published business contact. Not an official SME certification or a confirmed buyer.,"Published company contact; ask to be routed to the owner, HR or training manager. Email deliverability and telephone response untested.",Ready for introductory outreach — public-source screening,unclear,,2026-10-01
SEMARAK Training,http://www.semaraktraining.com,SME training provider / potential partner,"Energy industry training provider (oil & gas, HSE, digital transformation)","Unit 31-1, Binjai 8 Premium Soho, Lorong Binjai, 50450 Kuala Lumpur, Malaysia",,general business enquiries,ask@semaraksolutions.com,https://semaraktraining.com/,+60321814585,https://semaraktraining.com/,https://semaraktraining.com/,11-50 employees,Company-owned LinkedIn profile reports 11-50 employees. Self-reported public evidence; current headcount and formal SME status are not independently certified.,https://www.linkedin.com/company/semaraktraining,"Company profile type: Privately Held. No large listed, government or foreign multinational parent identified in reviewed sources; not a registry ownership audit.",https://www.linkedin.com/company/semaraktraining,"Potential freelance trainer partnership; ask whether they engage external trainers for communication, writing, problem solving or workplace AI.",Self-reported SME-size range and published business contact. Not an official SME certification or a confirmed buyer.,"Published company contact; ask to be routed to the owner, HR or training manager. Email deliverability and telephone response untested.",Ready for introductory outreach — public-source screening,unclear,,2026-10-01
Speakright Consultancy Sdn Bhd,https://speakright.my/,SME training provider / potential partner,Workplace communication and presentation training,"Penang, Malaysia",,Published business enquiries,christopher@speakright.my,https://www.linkedin.com/posts/speakright-consultancy-sdn-bhd_retreat-teambuilding-activity-7158003825772044288-FRmF,,,https://www.linkedin.com/posts/speakright-consultancy-sdn-bhd_retreat-teambuilding-activity-7158003825772044288-FRmF,2-10 employees,Company-owned LinkedIn profile reports 2-10 employees. Self-reported public evidence; current headcount and formal SME status are not independently certified.,https://www.linkedin.com/company/speakright-consultancy-sdn-bhd,"Company profile type: Privately Held. No large listed, government or foreign multinational parent identified in reviewed sources; not a registry ownership audit.",https://www.linkedin.com/company/speakright-consultancy-sdn-bhd,"Potential freelance trainer partnership; ask whether they engage external trainers for communication, writing, problem solving or workplace AI.",Self-reported SME-size range and published business contact. Not an official SME certification or a confirmed buyer.,"Published company contact; ask to be routed to the owner, HR or training manager. Email deliverability and telephone response untested.",Ready for introductory outreach — public-source screening,unclear,,2026-10-01
UpSkillingMinds Sdn Bhd,https://upskilltraining.com.my/,SME training provider / potential partner,Corporate soft skills and digital skills training,"C-02-09, Pavilion, Jalan Puteri 7/13, Bandar Puteri, 47100 Puchong, Selangor, Malaysia",,general business enquiries,enquiries@upskillingminds.com,https://upskilltraining.com.my/contact-us/,+60125689910,https://upskilltraining.com.my/contact-us/,https://upskilltraining.com.my/contact-us/,11-50 employees,Company-owned LinkedIn profile reports 11-50 employees. Self-reported public evidence; current headcount and formal SME status are not independently certified.,https://www.linkedin.com/company/upskilingminds/,"Company profile type: Privately Held. No large listed, government or foreign multinational parent identified in reviewed sources; not a registry ownership audit.",https://www.linkedin.com/company/upskilingminds/,"Potential freelance trainer partnership; ask whether they engage external trainers for communication, writing, problem solving or workplace AI.",Self-reported SME-size range and published business contact. Not an official SME certification or a confirmed buyer.,"Published company contact; ask to be routed to the owner, HR or training manager. Email deliverability and telephone response untested.",Ready for introductory outreach — public-source screening,unclear,,2026-10-01
Vspire Academy,https://www.vspireacademy.com,SME training provider / potential partner,Corporate training and consultancy,"Kuala Lumpur, Malaysia",,Published business enquiries,training@vspireacademy.com,https://www.vspireacademy.com/,+60166622616,https://www.vspireacademy.com/,https://www.vspireacademy.com/,2-10 employees,Company-owned LinkedIn profile reports 2-10 employees. Self-reported public evidence; current headcount and formal SME status are not independently certified.,https://www.linkedin.com/company/vspireacademy,"Company profile type: Educational. No large listed, government or foreign multinational parent identified in reviewed sources; not a registry ownership audit.",https://www.linkedin.com/company/vspireacademy,"Potential freelance trainer partnership; ask whether they engage external trainers for communication, writing, problem solving or workplace AI.",Self-reported SME-size range and published business contact. Not an official SME certification or a confirmed buyer.,"Published company contact; ask to be routed to the owner, HR or training manager. Email deliverability and telephone response untested.",Ready for introductory outreach — public-source screening,unclear,,2026-10-01
3novex Global,http://www.3novex.com,SME employer / potential client,"B2B conferences, executive summits and market research","Menara UOA Bangsar, A-17-10 Tower A, No. 5, Jalan Bangsar Utama 1, 59000 Kuala Lumpur, Malaysia (HQ); Dubai, UAE",,general business enquiries,info@3novex.com,https://www.3novex.com/contact-us,+60327060160,https://www.3novex.com/contact-us,https://www.3novex.com/contact-us,11-50 employees,Company-owned LinkedIn profile reports 11-50 employees. Self-reported public evidence; current headcount and formal SME status are not independently certified.,https://www.linkedin.com/company/3novex-global/,"Company profile type: Privately Held. No large listed, government or foreign multinational parent identified in reviewed sources; not a registry ownership audit.",https://www.linkedin.com/company/3novex-global/,"Suggested introductory discussion about staff communication, writing, problem solving or workplace AI. Training needs have not been confirmed.",Self-reported SME-size range and published business contact. Not an official SME certification or a confirmed buyer.,"Published company contact; ask to be routed to the owner, HR or training manager. Email deliverability and telephone response untested.",Ready for introductory outreach — public-source screening,unclear,,2026-10-01
Adl Advisory,https://adladvisory.co,SME employer / potential client,"Shariah advisory, audit and Islamic finance training","NO 7-05, Level 7, Tower 2, Wangsa 118, Jalan Wangsa Delima, Wangsa Maju, 53300 Kuala Lumpur, Malaysia",,general business enquiries,,,+601165611756,https://adladvisory.co/contact/,https://adladvisory.co/contact/,11-50 employees,Company-owned LinkedIn profile reports 11-50 employees. Self-reported public evidence; current headcount and formal SME status are not independently certified.,https://www.linkedin.com/company/adl-advisory/,"Company profile type: Privately Held. No large listed, government or foreign multinational parent identified in reviewed sources; not a registry ownership audit.",https://www.linkedin.com/company/adl-advisory/,"Suggested introductory discussion about staff communication, writing, problem solving or workplace AI. Training needs have not been confirmed.",Self-reported SME-size range and published business contact. Not an official SME certification or a confirmed buyer.,"Published company contact; ask to be routed to the owner, HR or training manager. Email deliverability and telephone response untested.",Ready for introductory outreach — public-source screening,unclear,,2026-10-01
Agensi Pekerjaan Eternity Sdn Bhd,https://www.eternity-recruitment.com,SME employer / potential client,Recruitment and executive search,"Bangsar South, Kuala Lumpur, Malaysia",,general business enquiries,info@eternity-recruitment.com,https://eternity-recruitment.com/,+60330057814,https://eternity-recruitment.com/,https://eternity-recruitment.com/,11-50 employees,Company-owned LinkedIn profile reports 11-50 employees. Self-reported public evidence; current headcount and formal SME status are not independently certified.,https://www.linkedin.com/company/eternity-recruitment/,"Company profile type: Self-Owned. No large listed, government or foreign multinational parent identified in reviewed sources; not a registry ownership audit.",https://www.linkedin.com/company/eternity-recruitment/,"Suggested introductory discussion about staff communication, writing, problem solving or workplace AI. Training needs have not been confirmed.",Self-reported SME-size range and published business contact. Not an official SME certification or a confirmed buyer.,"Published company contact; ask to be routed to the owner, HR or training manager. Email deliverability and telephone response untested.",Ready for introductory outreach — public-source screening,unclear,,2026-10-01
AGTC Genomics,https://agtcgenomics.com,SME employer / potential client,Genomics / Next-Generation Sequencing diagnostics and research services,"J2-1 Pusat Perdagangan Bandar Bukit Jalil, Bukit Jalil, 57000 Kuala Lumpur, Malaysia",,general business enquiries,info@agtcgenomics.com,https://www.agtcgenomics.com/,+60380808285,https://www.agtcgenomics.com/,https://www.agtcgenomics.com/,11-50 employees,Company-owned LinkedIn profile reports 11-50 employees. Self-reported public evidence; current headcount and formal SME status are not independently certified.,https://www.linkedin.com/company/agtc-genomics/,"Company profile type: Privately Held. No large listed, government or foreign multinational parent identified in reviewed sources; not a registry ownership audit.",https://www.linkedin.com/company/agtc-genomics/,"Suggested introductory discussion about staff communication, writing, problem solving or workplace AI. Training needs have not been confirmed.",Self-reported SME-size range and published business contact. Not an official SME certification or a confirmed buyer.,"Published company contact; ask to be routed to the owner, HR or training manager. Email deliverability and telephone response untested.",Ready for introductory outreach — public-source screening,unclear,,2026-10-01
Bell Ward Malaysia,https://bell-ward.com,SME employer / potential client,Recruitment and executive search agency,"Level 25-03, Oval Tower @ Damansara, 685 Jalan Damansara, TTDI, 60000 Kuala Lumpur",,general business enquiries,info@bell-ward.com,https://bell-ward.com/contact-us/,+60377356200,https://bell-ward.com/contact-us/,https://bell-ward.com/contact-us/,11-50 employees,Company-owned LinkedIn profile reports 11-50 employees. Self-reported public evidence; current headcount and formal SME status are not independently certified.,https://www.linkedin.com/company/bell-ward/,"Company profile type: Privately Held. No large listed, government or foreign multinational parent identified in reviewed sources; not a registry ownership audit.",https://www.linkedin.com/company/bell-ward/,"Suggested introductory discussion about staff communication, writing, problem solving or workplace AI. Training needs have not been confirmed.",Self-reported SME-size range and published business contact. Not an official SME certification or a confirmed buyer.,"Published company contact; ask to be routed to the owner, HR or training manager. Email deliverability and telephone response untested.",Ready for introductory outreach — public-source screening,unclear,,2026-10-01
Bintara Solutions Sdn Bhd,https://bintara.com.my/,SME employer / potential client,"IT hardware, software, services and technology solutions provider","6-3, 8 Setiawangsa, Jalan Setiawangsa 13, Taman Setiawangsa, 54200 Kuala Lumpur, Malaysia",,general business enquiries,info@bintara.com.my,https://bintara.com.my/,+60342663311,https://bintara.com.my/,https://bintara.com.my/,11-50 employees,Company-owned LinkedIn profile reports 11-50 employees. Self-reported public evidence; current headcount and formal SME status are not independently certified.,https://www.linkedin.com/company/bintarasolutions,"Company profile type: Privately Held. No large listed, government or foreign multinational parent identified in reviewed sources; not a registry ownership audit.",https://www.linkedin.com/company/bintarasolutions,"Suggested introductory discussion about staff communication, writing, problem solving or workplace AI. Training needs have not been confirmed.",Self-reported SME-size range and published business contact. Not an official SME certification or a confirmed buyer.,"Published company contact; ask to be routed to the owner, HR or training manager. Email deliverability and telephone response untested.",Ready for introductory outreach — public-source screening,unclear,,2026-10-01
Bitlab Digital,https://thebitlab.co,SME employer / potential client,Digital product design and technology consultancy,"Kuala Lumpur, Malaysia",,general business enquiries,biz@thebitlab.co,https://www.thebitlab.co/,+60364138171,https://www.thebitlab.co/,https://www.thebitlab.co/,11-50 employees,Company-owned LinkedIn profile reports 11-50 employees. Self-reported public evidence; current headcount and formal SME status are not independently certified.,https://www.linkedin.com/company/bitlab-digital/,"Company profile type: Privately Held. No large listed, government or foreign multinational parent identified in reviewed sources; not a registry ownership audit.",https://www.linkedin.com/company/bitlab-digital/,"Suggested introductory discussion about staff communication, writing, problem solving or workplace AI. Training needs have not been confirmed.",Self-reported SME-size range and published business contact. Not an official SME certification or a confirmed buyer.,"Published company contact; ask to be routed to the owner, HR or training manager. Email deliverability and telephone response untested.",Ready for introductory outreach — public-source screening,unclear,,2026-10-01
BRANDTHINK Malaysia,https://www.brandthink.com,SME employer / potential client,Marketing and creative communications,"Kuala Lumpur, Malaysia",,Published business WhatsApp,,,+60129982653,https://www.brandthink.com/contact,https://www.brandthink.com/contact,11-50 employees,Company-owned LinkedIn profile reports 11-50 employees. Self-reported public evidence; current headcount and formal SME status are not independently certified.,https://www.linkedin.com/company/brandthink/,"Company profile type: Privately Held. No large listed, government or foreign multinational parent identified in reviewed sources; not a registry ownership audit.",https://www.linkedin.com/company/brandthink/,"Suggested introductory discussion about staff communication, writing, problem solving or workplace AI. Training needs have not been confirmed.",Self-reported SME-size range and published business contact. Not an official SME certification or a confirmed buyer.,"Published company contact; ask to be routed to the owner, HR or training manager. Email deliverability and telephone response untested.",Ready for introductory outreach — public-source screening,unclear,,2026-10-01
Bukku Accounting,https://bukku.my,SME employer / potential client,Cloud accounting software,"Kuala Lumpur, Malaysia",,general business enquiries,hello@bukku.my,https://bukku.my/contact,+60393880415,https://bukku.my/contact,https://bukku.my/contact,2-10 employees,Company-owned LinkedIn profile reports 2-10 employees. Self-reported public evidence; current headcount and formal SME status are not independently certified.,https://www.linkedin.com/company/bukku-accounting,"Company profile type: Privately Held. No large listed, government or foreign multinational parent identified in reviewed sources; not a registry ownership audit.",https://www.linkedin.com/company/bukku-accounting,"Suggested introductory discussion about staff communication, writing, problem solving or workplace AI. Training needs have not been confirmed.",Self-reported SME-size range and published business contact. Not an official SME certification or a confirmed buyer.,"Published company contact; ask to be routed to the owner, HR or training manager. Email deliverability and telephone response untested.",Ready for introductory outreach — public-source screening,unclear,,2026-10-01
Capcon,https://capcon.asia/,SME employer / potential client,"Recruitment, outsourcing, talent advisory and corporate branding","Guoco Tower, Kuala Lumpur, 50490, Malaysia",,general business enquiries,info@capcon.asia,https://capcon.asia/contact/,,,https://capcon.asia/contact/,11-50 employees,Company-owned LinkedIn profile reports 11-50 employees. Self-reported public evidence; current headcount and formal SME status are not independently certified.,https://www.linkedin.com/company/capcon-asia/,"Company profile type: Privately Held. No large listed, government or foreign multinational parent identified in reviewed sources; not a registry ownership audit.",https://www.linkedin.com/company/capcon-asia/,"Suggested introductory discussion about staff communication, writing, problem solving or workplace AI. Training needs have not been confirmed.",Self-reported SME-size range and published business contact. Not an official SME certification or a confirmed buyer.,"Published company contact; ask to be routed to the owner, HR or training manager. Email deliverability and telephone response untested.",Ready for introductory outreach — public-source screening,unclear,,2026-10-01
Career Horizons | Employment Agency,https://careerhorizons.com.my/,SME employer / potential client,"Specialist recruitment agency (finance, IT, oil & gas, manufacturing and other sectors)","C-05-41, Blok Camilia, 10 Boulevard, Lebuhraya Sprint PJU 6A, 47400 Petaling Jaya, Malaysia",,general business enquiries,Admin@careerhorizons.com.my,https://careerhorizons.com.my/contact/,+60377339548,https://careerhorizons.com.my/contact/,https://careerhorizons.com.my/contact/,11-50 employees,Company-owned LinkedIn profile reports 11-50 employees. Self-reported public evidence; current headcount and formal SME status are not independently certified.,https://www.linkedin.com/company/career-horizons-malaysia/,"Company profile type: Privately Held. No large listed, government or foreign multinational parent identified in reviewed sources; not a registry ownership audit.",https://www.linkedin.com/company/career-horizons-malaysia/,"Suggested introductory discussion about staff communication, writing, problem solving or workplace AI. Training needs have not been confirmed.",Self-reported SME-size range and published business contact. Not an official SME certification or a confirmed buyer.,"Published company contact; ask to be routed to the owner, HR or training manager. Email deliverability and telephone response untested.",Ready for introductory outreach — public-source screening,unclear,,2026-10-01
CAREERMASTER,http://www.careermaster.com.my,SME employer / potential client,Recruitment and human capital solutions,"Johor Bahru, Johor, Malaysia",,general business enquiries,info@careermaster.com.my,https://www.careermaster.com.my/contact.php,+6073535294,https://www.careermaster.com.my/contact.php,https://www.careermaster.com.my/contact.php,2-10 employees,Company-owned LinkedIn profile reports 2-10 employees. Self-reported public evidence; current headcount and formal SME status are not independently certified.,https://www.linkedin.com/company/careermaster-sdn-bhd,"Company profile type: Privately Held. No large listed, government or foreign multinational parent identified in reviewed sources; not a registry ownership audit.",https://www.linkedin.com/company/careermaster-sdn-bhd,"Suggested introductory discussion about staff communication, writing, problem solving or workplace AI. Training needs have not been confirmed.",Self-reported SME-size range and published business contact. Not an official SME certification or a confirmed buyer.,"Published company contact; ask to be routed to the owner, HR or training manager. Email deliverability and telephone response untested.",Ready for introductory outreach — public-source screening,unclear,,2026-10-01
Caspian Digital Solutions,http://www.caspiands.com/,SME employer / potential client,"Software and digital agency (web/mobile development, AI, digital marketing)","685, Jln Damansara, Taman Tun Dr Ismail, 60000 Kuala Lumpur, Wilayah Persekutuan, Malaysia",,general business enquiries,info@caspiandigitalsolutions.com,https://caspiands.com/contact-us/,,,https://caspiands.com/contact-us/,11-50 employees,Company-owned LinkedIn profile reports 11-50 employees. Self-reported public evidence; current headcount and formal SME status are not independently certified.,https://www.linkedin.com/company/caspian-digital-solutions/,"Company profile type: Privately Held. No large listed, government or foreign multinational parent identified in reviewed sources; not a registry ownership audit.",https://www.linkedin.com/company/caspian-digital-solutions/,"Suggested introductory discussion about staff communication, writing, problem solving or workplace AI. Training needs have not been confirmed.",Self-reported SME-size range and published business contact. Not an official SME certification or a confirmed buyer.,"Published company contact; ask to be routed to the owner, HR or training manager. Email deliverability and telephone response untested.",Ready for introductory outreach — public-source screening,unclear,,2026-10-01
CAVEMAN GROUP,https://cavemangroup.com.my,SME employer / potential client,"Digital marketing, HR solutions, team building and event activation agency","K03-07-07, Tower 3, UOA Business Park, No 1, Jalan Pengaturcara U1/51a, Seksyen U1, 40150 Shah Alam, Selangor, Malaysia",,general business enquiries,,,+60124084166,https://cavemangroup.com.my/contact-caveman-group-malaysia/,https://cavemangroup.com.my/contact-caveman-group-malaysia/,11-50 employees,Company-owned LinkedIn profile reports 11-50 employees. Self-reported public evidence; current headcount and formal SME status are not independently certified.,https://www.linkedin.com/company/caveman-group-sdn-bhd,"Company profile type: Privately Held. No large listed, government or foreign multinational parent identified in reviewed sources; not a registry ownership audit.",https://www.linkedin.com/company/caveman-group-sdn-bhd,"Suggested introductory discussion about staff communication, writing, problem solving or workplace AI. Training needs have not been confirmed.",Self-reported SME-size range and published business contact. Not an official SME certification or a confirmed buyer.,"Published company contact; ask to be routed to the owner, HR or training manager. Email deliverability and telephone response untested.",Ready for introductory outreach — public-source screening,unclear,,2026-10-01
Centrionics,http://www.centrionics.com,SME employer / potential client,Industrial process analyzers and analytical instrumentation solutions,"23, Jalan Sungai Jerluh 32/196, Bukit Kemuning Seksyen 32, 40460 Shah Alam, Selangor, Malaysia",,general business enquiries,sales@centrionics.com,https://centrionics.com/,+60355252568,https://centrionics.com/,https://centrionics.com/,11-50 employees,Company-owned LinkedIn profile reports 11-50 employees. Self-reported public evidence; current headcount and formal SME status are not independently certified.,https://www.linkedin.com/company/centrionics/,"Company profile type: Privately Held. No large listed, government or foreign multinational parent identified in reviewed sources; not a registry ownership audit.",https://www.linkedin.com/company/centrionics/,"Suggested introductory discussion about staff communication, writing, problem solving or workplace AI. Training needs have not been confirmed.",Self-reported SME-size range and published business contact. Not an official SME certification or a confirmed buyer.,"Published company contact; ask to be routed to the owner, HR or training manager. Email deliverability and telephone response untested.",Ready for introductory outreach — public-source screening,unclear,,2026-10-01
CSQ Analytics Sdn Bhd,http://csqanalytics.com/,SME employer / potential client,"Laboratory equipment supply, calibration and training","Port Dickson, Negeri Sembilan, Malaysia",,general business enquiries,info@csqanalytics.com,https://csqanalytics.com/,+6066519118,https://csqanalytics.com/,https://csqanalytics.com/,11-50 employees,Company-owned LinkedIn profile reports 11-50 employees. Self-reported public evidence; current headcount and formal SME status are not independently certified.,https://www.linkedin.com/company/csq-analytics/,"Company profile type: Privately Held. No large listed, government or foreign multinational parent identified in reviewed sources; not a registry ownership audit.",https://www.linkedin.com/company/csq-analytics/,"Suggested introductory discussion about staff communication, writing, problem solving or workplace AI. Training needs have not been confirmed.",Self-reported SME-size range and published business contact. Not an official SME certification or a confirmed buyer.,"Published company contact; ask to be routed to the owner, HR or training manager. Email deliverability and telephone response untested.",Ready for introductory outreach — public-source screening,unclear,,2026-10-01
Deemples,https://www.deemples.com,SME employer / potential client,Golf app and golf game booking platform,"Sandbox Space, 22-1, Jln Radin Bagus 3, Sri Petaling, 57000 Kuala Lumpur, Malaysia",,general business enquiries,hello@deemples.com,https://deemples.com/my,+60146074900,https://deemples.com/my,https://deemples.com/my,2-10 employees,Company-owned LinkedIn profile reports 2-10 employees. Self-reported public evidence; current headcount and formal SME status are not independently certified.,https://www.linkedin.com/company/deemples,"Company profile type: Privately Held. No large listed, government or foreign multinational parent identified in reviewed sources; not a registry ownership audit.",https://www.linkedin.com/company/deemples,"Suggested introductory discussion about staff communication, writing, problem solving or workplace AI. Training needs have not been confirmed.",Self-reported SME-size range and published business contact. Not an official SME certification or a confirmed buyer.,"Published company contact; ask to be routed to the owner, HR or training manager. Email deliverability and telephone response untested.",Ready for introductory outreach — public-source screening,unclear,,2026-10-01
Demojo Communication,http://www.demojo.co,SME employer / potential client,"Creative, digital and experiential marketing agency","Petaling Jaya, Selangor, Malaysia",,general business enquiries,,,+60376125338,https://demojo.co/,https://demojo.co/,11-50 employees,Company-owned LinkedIn profile reports 11-50 employees. Self-reported public evidence; current headcount and formal SME status are not independently certified.,https://www.linkedin.com/company/demojo/,"Company profile type: Partnership. No large listed, government or foreign multinational parent identified in reviewed sources; not a registry ownership audit.",https://www.linkedin.com/company/demojo/,"Suggested introductory discussion about staff communication, writing, problem solving or workplace AI. Training needs have not been confirmed.",Self-reported SME-size range and published business contact. Not an official SME certification or a confirmed buyer.,"Published company contact; ask to be routed to the owner, HR or training manager. Email deliverability and telephone response untested.",Ready for introductory outreach — public-source screening,unclear,,2026-10-01
Dyna Segmen Sdn Bhd,http://www.dyna.com.my/v2/,SME employer / potential client,"Oil and gas operations and maintenance, engineering services","Malaysia with offices in Kuala Lumpur, Kerteh and Bintulu; also Mozambique and Kazakhstan",,general business enquiries,info@dyna.com.my,https://www.dyna.com.my/,+60390540099,https://www.dyna.com.my/,https://www.dyna.com.my/,11-50 employees,Company-owned LinkedIn profile reports 11-50 employees. Self-reported public evidence; current headcount and formal SME status are not independently certified.,https://www.linkedin.com/company/dyna-segmen-sdn-bhd/,"Company profile type: Privately Held. No large listed, government or foreign multinational parent identified in reviewed sources; not a registry ownership audit.",https://www.linkedin.com/company/dyna-segmen-sdn-bhd/,"Suggested introductory discussion about staff communication, writing, problem solving or workplace AI. Training needs have not been confirmed.",Self-reported SME-size range and published business contact. Not an official SME certification or a confirmed buyer.,"Published company contact; ask to be routed to the owner, HR or training manager. Email deliverability and telephone response untested.",Ready for introductory outreach — public-source screening,unclear,,2026-10-01
FIND Talents,https://www.findtalents.co/,SME employer / potential client,"Recruitment agency (executive search, mass hiring, multilingual talent)","Kuala Lumpur, Malaysia",,general business enquiries,hello@findtalents.co,https://www.findtalents.co/en/contact,+60122926692,https://www.findtalents.co/en/contact,https://www.findtalents.co/en/contact,2-10 employees,Company-owned LinkedIn profile reports 2-10 employees. Self-reported public evidence; current headcount and formal SME status are not independently certified.,https://www.linkedin.com/company/findtalentsco/,"Company profile type: Privately Held. No large listed, government or foreign multinational parent identified in reviewed sources; not a registry ownership audit.",https://www.linkedin.com/company/findtalentsco/,"Suggested introductory discussion about staff communication, writing, problem solving or workplace AI. Training needs have not been confirmed.",Self-reported SME-size range and published business contact. Not an official SME certification or a confirmed buyer.,"Published company contact; ask to be routed to the owner, HR or training manager. Email deliverability and telephone response untested.",Ready for introductory outreach — public-source screening,unclear,,2026-10-01
Hirehub,https://www.hirehub.com.my/,SME employer / potential client,Recruitment and manpower services,"Johor Bahru, Johor, Malaysia",,general business enquiries,,,+6073636070,https://www.hirehub.com.my/,https://www.hirehub.com.my/,11-50 employees,Company-owned LinkedIn profile reports 11-50 employees. Self-reported public evidence; current headcount and formal SME status are not independently certified.,https://www.linkedin.com/company/hirehub-group/,"Company profile type: Self-Employed. No large listed, government or foreign multinational parent identified in reviewed sources; not a registry ownership audit.",https://www.linkedin.com/company/hirehub-group/,"Suggested introductory discussion about staff communication, writing, problem solving or workplace AI. Training needs have not been confirmed.",Self-reported SME-size range and published business contact. Not an official SME certification or a confirmed buyer.,"Published company contact; ask to be routed to the owner, HR or training manager. Email deliverability and telephone response untested.",Ready for introductory outreach — public-source screening,unclear,,2026-10-01
IMPRESSIVE LOGGING SERVICES SDN. BHD.,http://www.impressivegroup.com.my,SME employer / potential client,Oil & gas cased hole logging and petroleum engineering services,"Suite 4.02, 4th Floor, Wisma MCA, 163 Jalan Ampang, 50450 Kuala Lumpur",,"general business enquiries (services, sales, new business and collaboration)",sales@impressive-my.com,https://www.impressivegroup.com/contact-us,+60321814157,https://www.impressivegroup.com/contact-us,https://www.impressivegroup.com/contact-us,11-50 employees,Company-owned LinkedIn profile reports 11-50 employees. Self-reported public evidence; current headcount and formal SME status are not independently certified.,https://www.linkedin.com/company/impressive-logging-services/,"Company profile type: Privately Held. No large listed, government or foreign multinational parent identified in reviewed sources; not a registry ownership audit.",https://www.linkedin.com/company/impressive-logging-services/,"Suggested introductory discussion about staff communication, writing, problem solving or workplace AI. Training needs have not been confirmed.",Self-reported SME-size range and published business contact. Not an official SME certification or a confirmed buyer.,"Published company contact; ask to be routed to the owner, HR or training manager. Email deliverability and telephone response untested.",Ready for introductory outreach — public-source screening,unclear,,2026-10-01
Indoleads.com,https://indoleads.com,SME employer / potential client,Affiliate marketing network (CPA) and performance-based digital marketing,"B-1-16, Plaza Damas 3, Jalan Sri Hartamas 1, Taman Sri Hartamas, 50480 Kuala Lumpur, Malaysia",,general business enquiries,care@indoleads.com,https://indoleads.com/contact/,+60123004920,https://indoleads.com/contact/,https://indoleads.com/contact/,11-50 employees,Company-owned LinkedIn profile reports 11-50 employees. Self-reported public evidence; current headcount and formal SME status are not independently certified.,https://www.linkedin.com/company/indoleads/,"Company profile type: Privately Held. No large listed, government or foreign multinational parent identified in reviewed sources; not a registry ownership audit.",https://www.linkedin.com/company/indoleads/,"Suggested introductory discussion about staff communication, writing, problem solving or workplace AI. Training needs have not been confirmed.",Self-reported SME-size range and published business contact. Not an official SME certification or a confirmed buyer.,"Published company contact; ask to be routed to the owner, HR or training manager. Email deliverability and telephone response untested.",Ready for introductory outreach — public-source screening,unclear,,2026-10-01
Inspire Asia,http://www.inspireasia.co,SME employer / potential client,Corporate team building and experiential training,"A9, 212, Jalan Ampang, 50450 Kuala Lumpur, Malaysia",,general business enquiries,,,+60122136240,https://inspireasia.co/contact/,https://inspireasia.co/contact/,11-50 employees,Company-owned LinkedIn profile reports 11-50 employees. Self-reported public evidence; current headcount and formal SME status are not independently certified.,https://www.linkedin.com/company/inspire-asia,"Company profile type: Partnership. No large listed, government or foreign multinational parent identified in reviewed sources; not a registry ownership audit.",https://www.linkedin.com/company/inspire-asia,"Suggested introductory discussion about staff communication, writing, problem solving or workplace AI. Training needs have not been confirmed.",Self-reported SME-size range and published business contact. Not an official SME certification or a confirmed buyer.,"Published company contact; ask to be routed to the owner, HR or training manager. Email deliverability and telephone response untested.",Ready for introductory outreach — public-source screening,unclear,,2026-10-01
IPETRO,http://www.ipetro.com.my,SME employer / potential client,"Asset integrity management, inspection, NDT and corrosion management for oil & gas","No 15-1, Jalan Kerambit 5, Bandar Baru Sg. Udang, 76300 Melaka (HQ); Kertih, Terengganu branch",,general business enquiries,admin@ipetro.com.my,https://www.ipetro.com.my/,+6063500073,https://www.ipetro.com.my/,https://www.ipetro.com.my/,11-50 employees,Company-owned LinkedIn profile reports 11-50 employees. Self-reported public evidence; current headcount and formal SME status are not independently certified.,https://www.linkedin.com/company/ipetro/,"Company profile type: Privately Held. No large listed, government or foreign multinational parent identified in reviewed sources; not a registry ownership audit.",https://www.linkedin.com/company/ipetro/,"Suggested introductory discussion about staff communication, writing, problem solving or workplace AI. Training needs have not been confirmed.",Self-reported SME-size range and published business contact. Not an official SME certification or a confirmed buyer.,"Published company contact; ask to be routed to the owner, HR or training manager. Email deliverability and telephone response untested.",Ready for introductory outreach — public-source screening,unclear,,2026-10-01
Knowledge Group of Companies,https://www.knowledgegroupco.com,SME employer / potential client,"Tech ecosystem building, conferences and capability development (BankTech Asia, InsurTech Asia, etc.)","B-13-5, Megan Avenue II, No. 12, Jalan Yap Kwan Seng, 50450 Kuala Lumpur, Malaysia",,general business enquiries,info@knowledgegroupco.com,https://knowledgegroupco.com/contact/,+60386841588,https://knowledgegroupco.com/contact/,https://knowledgegroupco.com/contact/,11-50 employees,Company-owned LinkedIn profile reports 11-50 employees. Self-reported public evidence; current headcount and formal SME status are not independently certified.,https://www.linkedin.com/company/knowledge-group-of-companies,"Company profile type: Privately Held. No large listed, government or foreign multinational parent identified in reviewed sources; not a registry ownership audit.",https://www.linkedin.com/company/knowledge-group-of-companies,"Suggested introductory discussion about staff communication, writing, problem solving or workplace AI. Training needs have not been confirmed.",Self-reported SME-size range and published business contact. Not an official SME certification or a confirmed buyer.,"Published company contact; ask to be routed to the owner, HR or training manager. Email deliverability and telephone response untested.",Ready for introductory outreach — public-source screening,unclear,,2026-10-01
Krenovator,https://www.krenovator.io,SME employer / potential client,"Tech talent outsourcing, software development and Agentic AI solutions","No 22, Tingkat 2, Jalan Cheras, Batu 11, 43200 Cheras, Selangor, Malaysia",,general business enquiries,support@krenovator.io,https://www.krenovator.io/contact-us,,,https://www.krenovator.io/contact-us,11-50 employees,Company-owned LinkedIn profile reports 11-50 employees. Self-reported public evidence; current headcount and formal SME status are not independently certified.,https://www.linkedin.com/company/krenovator/,"Company profile type: Partnership. No large listed, government or foreign multinational parent identified in reviewed sources; not a registry ownership audit.",https://www.linkedin.com/company/krenovator/,"Suggested introductory discussion about staff communication, writing, problem solving or workplace AI. Training needs have not been confirmed.",Self-reported SME-size range and published business contact. Not an official SME certification or a confirmed buyer.,"Published company contact; ask to be routed to the owner, HR or training manager. Email deliverability and telephone response untested.",Ready for introductory outreach — public-source screening,unclear,,2026-10-01
Maps & Globe Specialist,http://mapsglobe.com/,SME employer / potential client,"Industrial mapping products and advertising solutions for oil & gas, power, shipbuilding and palm oil","No 3-1, Jalan Perdana 10/6, Pandan Perdana, 55300 Kuala Lumpur",,general business enquiries,,,+60392016611,https://www.mapsglobe.com/,https://www.mapsglobe.com/,11-50 employees,Company-owned LinkedIn profile reports 11-50 employees. Self-reported public evidence; current headcount and formal SME status are not independently certified.,https://www.linkedin.com/company/maps-globe-specialist/,"Company profile type: Self-Employed. No large listed, government or foreign multinational parent identified in reviewed sources; not a registry ownership audit.",https://www.linkedin.com/company/maps-globe-specialist/,"Suggested introductory discussion about staff communication, writing, problem solving or workplace AI. Training needs have not been confirmed.",Self-reported SME-size range and published business contact. Not an official SME certification or a confirmed buyer.,"Published company contact; ask to be routed to the owner, HR or training manager. Email deliverability and telephone response untested.",Ready for introductory outreach — public-source screening,unclear,,2026-10-01
"MindHive | AI Workforce Automation, AI Forecasting and AI Chatbots",https://www.mindhive.asia,SME employer / potential client,"AI applications, workflow automation, forecasting and chatbots","7, Jalan Penyajak U1/45A, Hicom-Glenmarie Industrial Park, 40150 Shah Alam, Selangor",,general business enquiries,hello@mindhive.asia,https://www.mindhive.asia/contact,,,https://www.mindhive.asia/contact,11-50 employees,Company-owned LinkedIn profile reports 11-50 employees. Self-reported public evidence; current headcount and formal SME status are not independently certified.,https://www.linkedin.com/company/mindhive-asia/,"Company profile type: Privately Held. No large listed, government or foreign multinational parent identified in reviewed sources; not a registry ownership audit.",https://www.linkedin.com/company/mindhive-asia/,"Suggested introductory discussion about staff communication, writing, problem solving or workplace AI. Training needs have not been confirmed.",Self-reported SME-size range and published business contact. Not an official SME certification or a confirmed buyer.,"Published company contact; ask to be routed to the owner, HR or training manager. Email deliverability and telephone response untested.",Ready for introductory outreach — public-source screening,unclear,,2026-10-01
Mode Fair Sdn Bhd,https://www.modefair.com,SME employer / potential client,GovTech and special projects technology company,"Level 15, Sunway Tower, 86 Jalan Ampang, 50450 Kuala Lumpur, Malaysia",,general business enquiries,,,+60327798896,https://www.modefair.com/,https://www.modefair.com/,11-50 employees,Company-owned LinkedIn profile reports 11-50 employees. Self-reported public evidence; current headcount and formal SME status are not independently certified.,https://www.linkedin.com/company/modefair/,"Company profile type: Privately Held. No large listed, government or foreign multinational parent identified in reviewed sources; not a registry ownership audit.",https://www.linkedin.com/company/modefair/,"Suggested introductory discussion about staff communication, writing, problem solving or workplace AI. Training needs have not been confirmed.",Self-reported SME-size range and published business contact. Not an official SME certification or a confirmed buyer.,"Published company contact; ask to be routed to the owner, HR or training manager. Email deliverability and telephone response untested.",Ready for introductory outreach — public-source screening,unclear,,2026-10-01
Mumtaz Energy,https://www.mumtaz.com.my/,SME employer / potential client,"Oil and gas stockist and supplier (pipes, fittings, flanges, gaskets, structural steel)","Suite 8.01, Menara Binjai, 50450 Kuala Lumpur, Malaysia",,general business enquiries,,,+60323867746,https://www.mumtaz.com.my/contact-us/,https://www.mumtaz.com.my/contact-us/,11-50 employees,Company-owned LinkedIn profile reports 11-50 employees. Self-reported public evidence; current headcount and formal SME status are not independently certified.,https://www.linkedin.com/company/mumtaz-energy,"Company profile type: Privately Held. No large listed, government or foreign multinational parent identified in reviewed sources; not a registry ownership audit.",https://www.linkedin.com/company/mumtaz-energy,"Suggested introductory discussion about staff communication, writing, problem solving or workplace AI. Training needs have not been confirmed.",Self-reported SME-size range and published business contact. Not an official SME certification or a confirmed buyer.,"Published company contact; ask to be routed to the owner, HR or training manager. Email deliverability and telephone response untested.",Ready for introductory outreach — public-source screening,unclear,,2026-10-01
MVC Resources,https://www.mvc-resources.com,SME employer / potential client,Recruitment and human resources,"Petaling Jaya, Selangor, Malaysia",,Published business enquiries,,,+60103786445,https://mvc-resources.com/,https://mvc-resources.com/,11-50 employees,Company-owned LinkedIn profile reports 11-50 employees. Self-reported public evidence; current headcount and formal SME status are not independently certified.,https://www.linkedin.com/company/mvc-resources,"Company profile type: Privately Held. No large listed, government or foreign multinational parent identified in reviewed sources; not a registry ownership audit.",https://www.linkedin.com/company/mvc-resources,"Suggested introductory discussion about staff communication, writing, problem solving or workplace AI. Training needs have not been confirmed.",Self-reported SME-size range and published business contact. Not an official SME certification or a confirmed buyer.,"Published company contact; ask to be routed to the owner, HR or training manager. Email deliverability and telephone response untested.",Ready for introductory outreach — public-source screening,unclear,,2026-10-01
PositiveLinks Asia,http://thepositivelinks.com/,SME employer / potential client,"Recruitment, contracting, HR advisory and HR outsourcing","C08 Common Ground, 1F Citta Mall, 1 Jalan PJU 1A/48, Ara Damansara, 47301 Petaling Jaya, Selangor",,general business enquiries,peoplematters@thepositivelinks.com,https://www.thepositivelinks.com/contact/,+60323810710,https://www.thepositivelinks.com/contact/,https://www.thepositivelinks.com/contact/,11-50 employees,Company-owned LinkedIn profile reports 11-50 employees. Self-reported public evidence; current headcount and formal SME status are not independently certified.,https://www.linkedin.com/company/positivelinks-asia/,"Company profile type: Privately Held. No large listed, government or foreign multinational parent identified in reviewed sources; not a registry ownership audit.",https://www.linkedin.com/company/positivelinks-asia/,"Suggested introductory discussion about staff communication, writing, problem solving or workplace AI. Training needs have not been confirmed.",Self-reported SME-size range and published business contact. Not an official SME certification or a confirmed buyer.,"Published company contact; ask to be routed to the owner, HR or training manager. Email deliverability and telephone response untested.",Ready for introductory outreach — public-source screening,unclear,,2026-10-01
Qarbotech,https://www.qarbotech.my/,SME employer / potential client,Agricultural biotechnology,"Petaling Jaya, Selangor, Malaysia",,Published business enquiries,info@qarbotech.my,https://www.qarbotech.my/contact-us/,+60173585576,https://www.qarbotech.my/contact-us/,https://www.qarbotech.my/contact-us/,11-50 employees,Company-owned LinkedIn profile reports 11-50 employees. Self-reported public evidence; current headcount and formal SME status are not independently certified.,https://www.linkedin.com/company/qarbotech/,"Company profile type: Privately Held. No large listed, government or foreign multinational parent identified in reviewed sources; not a registry ownership audit.",https://www.linkedin.com/company/qarbotech/,"Suggested introductory discussion about staff communication, writing, problem solving or workplace AI. Training needs have not been confirmed.",Self-reported SME-size range and published business contact. Not an official SME certification or a confirmed buyer.,"Published company contact; ask to be routed to the owner, HR or training manager. Email deliverability and telephone response untested.",Ready for introductory outreach — public-source screening,unclear,,2026-10-01
RFY Group,https://www.rfy.my/,SME employer / potential client,Construction technology / facade systems and interior fit-out,"Shah Alam, Selangor, Malaysia",,general business enquiries,info@rfy.my,https://rfy.my/,+60356140351,https://rfy.my/,https://rfy.my/,11-50 employees,Company-owned LinkedIn profile reports 11-50 employees. Self-reported public evidence; current headcount and formal SME status are not independently certified.,https://www.linkedin.com/company/rfygroup/,"Company profile type: Privately Held. No large listed, government or foreign multinational parent identified in reviewed sources; not a registry ownership audit.",https://www.linkedin.com/company/rfygroup/,"Suggested introductory discussion about staff communication, writing, problem solving or workplace AI. Training needs have not been confirmed.",Self-reported SME-size range and published business contact. Not an official SME certification or a confirmed buyer.,"Published company contact; ask to be routed to the owner, HR or training manager. Email deliverability and telephone response untested.",Ready for introductory outreach — public-source screening,unclear,,2026-10-01
SW1 Solutions,https://sw1.solutions,SME employer / potential client,"Integrated consulting, interior design and construction solutions","Unit 22-1, Level 22, Premier Suite, Menara 1MK, 1 Jalan Kiara, Mont' Kiara, 50480 Kuala Lumpur, Malaysia",,general business enquiries,,,+60362049198,https://sw1.solutions/contact-us/,https://sw1.solutions/contact-us/,11-50 employees,Company-owned LinkedIn profile reports 11-50 employees. Self-reported public evidence; current headcount and formal SME status are not independently certified.,https://www.linkedin.com/company/sw1-solutions-sdn-bhd/,"Company profile type: Privately Held. No large listed, government or foreign multinational parent identified in reviewed sources; not a registry ownership audit.",https://www.linkedin.com/company/sw1-solutions-sdn-bhd/,"Suggested introductory discussion about staff communication, writing, problem solving or workplace AI. Training needs have not been confirmed.",Self-reported SME-size range and published business contact. Not an official SME certification or a confirmed buyer.,"Published company contact; ask to be routed to the owner, HR or training manager. Email deliverability and telephone response untested.",Ready for introductory outreach — public-source screening,unclear,,2026-10-01
SynergenOG,https://synergenog.com/,SME employer / potential client,Engineering consultancy - process safety and technical risk,"Kuala Lumpur, Malaysia",,general business enquiries,,,+60322761881,https://synergenog.com/,https://synergenog.com/,11-50 employees,Company-owned LinkedIn profile reports 11-50 employees. Self-reported public evidence; current headcount and formal SME status are not independently certified.,https://www.linkedin.com/company/synergenog/,"Company profile type: Privately Held. No large listed, government or foreign multinational parent identified in reviewed sources; not a registry ownership audit.",https://www.linkedin.com/company/synergenog/,"Suggested introductory discussion about staff communication, writing, problem solving or workplace AI. Training needs have not been confirmed.",Self-reported SME-size range and published business contact. Not an official SME certification or a confirmed buyer.,"Published company contact; ask to be routed to the owner, HR or training manager. Email deliverability and telephone response untested.",Ready for introductory outreach — public-source screening,unclear,,2026-10-01
WISE AI,https://wiseai.tech,SME employer / potential client,Artificial intelligence / digital identity verification (eKYC),"Petaling Jaya, Selangor, Malaysia",,general business enquiries,hello@wiseai.tech,https://wiseai.tech/contact-us/,,,https://wiseai.tech/contact-us/,11-50 employees,Company-owned LinkedIn profile reports 11-50 employees. Self-reported public evidence; current headcount and formal SME status are not independently certified.,https://www.linkedin.com/company/wise-ai/,"Company profile type: Privately Held. No large listed, government or foreign multinational parent identified in reviewed sources; not a registry ownership audit.",https://www.linkedin.com/company/wise-ai/,"Suggested introductory discussion about staff communication, writing, problem solving or workplace AI. Training needs have not been confirmed.",Self-reported SME-size range and published business contact. Not an official SME certification or a confirmed buyer.,"Published company contact; ask to be routed to the owner, HR or training manager. Email deliverability and telephone response untested.",Ready for introductory outreach — public-source screening,unclear,,2026-10-01
